Duration,Start date,End date,Start station number,Start station,End station number,End station,Bike number,Member type
1012,2010-09-20 11:27:04,2010-09-20 11:43:56,31208,M St & New Jersey Ave SE,31108,4th & M St SW,W00742,Member
61,2010-09-20 11:41:22,2010-09-20 11:42:23,31209,1st & N St  SE,31209,1st & N St  SE,W00032,Member
2690,2010-09-20 12:05:37,2010-09-20 12:50:27,31600,5th & K St NW,31100,19th St & Pennsylvania Ave NW,W00993,Member
1406,2010-09-20 12:06:05,2010-09-20 12:29:32,31600,5th & K St NW,31602,Park Rd & Holmead Pl NW,W00344,Member
1413,2010-09-20 12:10:43,2010-09-20 12:34:17,31100,19th St & Pennsylvania Ave NW,31201,15th & P St NW,W00883,Member
982,2010-09-20 12:14:27,2010-09-20 12:30:50,31109,7th & T St NW,31200,Massachusetts Ave & Dupont Circle NW,W00850,Member
930,2010-09-20 12:15:26,2010-09-20 12:30:56,31109,7th & T St NW,31105,14th & Harvard St NW,W00804,Member
1659,2010-09-20 12:16:36,2010-09-20 12:44:15,31111,10th & U St NW,31208,M St & New Jersey Ave SE,W01084,Member
2496,2010-09-20 12:18:38,2010-09-20 13:00:15,31600,5th & K St NW,31601,19th & East Capitol St SE,W00812,Member
1487,2010-09-20 12:19:46,2010-09-20 12:44:34,31703,Minnesota Ave Metro/DOES,31603,1st & M St NE,W00803,Member
1007,2010-09-20 12:21:52,2010-09-20 12:38:39,31500,4th & W St NE,31200,Massachusetts Ave & Dupont Circle NW,W00256,Member
1159,2010-09-20 12:26:08,2010-09-20 12:45:27,31603,1st & M St NE,31603,1st & M St NE,W01023,Member
88,2010-09-20 12:31:18,2010-09-20 12:32:46,31602,Park Rd & Holmead Pl NW,31602,Park Rd & Holmead Pl NW,W00472,Member
202,2010-09-20 12:33:05,2010-09-20 12:36:28,31105,14th & Harvard St NW,31103,16th & Harvard St NW,W00685,Member
1407,2010-09-20 12:39:24,2010-09-20 13:02:52,31101,14th & V St NW,31100,19th St & Pennsylvania Ave NW,W00930,Member
351,2010-09-20 12:39:35,2010-09-20 12:45:26,31103,16th & Harvard St NW,31104,Adams Mill & Columbia Rd NW,W00685,Member
416,2010-09-20 12:40:40,2010-09-20 12:47:36,31105,14th & Harvard St NW,31207,Georgia Ave and Fairmont St NW,W00476,Member
2988,2010-09-20 12:41:37,2010-09-20 13:31:25,31206,19th & E Street NW,31603,1st & M St NE,W00955,Member
636,2010-09-20 12:42:14,2010-09-20 12:52:50,31002,20th & Crystal Dr,31003,15th & Crystal Dr,W01066,Member
509,2010-09-20 13:07:31,2010-09-20 13:16:01,31205,21st & I St NW,31200,Massachusetts Ave & Dupont Circle NW,W00824,Member
638,2010-09-20 13:13:21,2010-09-20 13:23:59,31201,15th & P St NW,31200,Massachusetts Ave & Dupont Circle NW,W00883,Member
763,2010-09-20 13:16:24,2010-09-20 13:29:08,31602,Park Rd & Holmead Pl NW,31109,7th & T St NW,W01029,Member
387,2010-09-20 13:20:41,2010-09-20 13:27:09,31009,27th & Crystal Dr,31009,27th & Crystal Dr,W00821,Member
1409,2010-09-20 13:22:51,2010-09-20 13:46:21,31600,5th & K St NW,31100,19th St & Pennsylvania Ave NW,W00833,Member
1254,2010-09-20 13:27:37,2010-09-20 13:48:32,31002,20th & Crystal Dr,31012,26th & S Clark St,W01123,Member
1238,2010-09-20 13:28:15,2010-09-20 13:48:54,31002,20th & Crystal Dr,31012,26th & S Clark St,W01034,Member
277,2010-09-20 13:30:21,2010-09-20 13:34:58,31106,Calvert & Biltmore St NW,31104,Adams Mill & Columbia Rd NW,W00796,Member
1532,2010-09-20 13:34:07,2010-09-20 13:59:39,31200,Massachusetts Ave & Dupont Circle NW,31600,5th & K St NW,W00883,Member
759,2010-09-20 13:40:43,2010-09-20 13:53:23,31104,Adams Mill & Columbia Rd NW,31202,14th & R St NW,W00796,Member
433,2010-09-20 13:55:40,2010-09-20 14:02:53,31011,23rd & Crystal Dr,31011,23rd & Crystal Dr,W00764,Member
329,2010-09-20 14:18:37,2010-09-20 14:24:07,31100,19th St & Pennsylvania Ave NW,31206,19th & E Street NW,W00868,Member
775,2010-09-20 14:23:31,2010-09-20 14:36:27,31200,Massachusetts Ave & Dupont Circle NW,31602,Park Rd & Holmead Pl NW,W00775,Member
3044,2010-09-20 14:28:39,2010-09-20 15:19:23,31100,19th St & Pennsylvania Ave NW,31200,Massachusetts Ave & Dupont Circle NW,W00993,Casual
1438,2010-09-20 14:45:13,2010-09-20 15:09:12,31000,Eads St & 15th St S,31002,20th & Crystal Dr,W00570,Casual
597,2010-09-20 14:49:36,2010-09-20 14:59:33,31202,14th & R St NW,31200,Massachusetts Ave & Dupont Circle NW,W00796,Member
1492,2010-09-20 14:54:13,2010-09-20 15:19:05,31603,1st & M St NE,31500,4th & W St NE,W01103,Member
956,2010-09-20 15:01:24,2010-09-20 15:17:21,31101,14th & V St NW,31204,20th & E St NW,W01058,Member
1185,2010-09-20 15:05:48,2010-09-20 15:25:34,31212,21st & M St NW,31212,21st & M St NW,W01069,Member
127,2010-09-20 15:08:24,2010-09-20 15:10:32,31603,1st & M St NE,31603,1st & M St NE,?(0x000000004752DD3A),Member
1207,2010-09-20 15:24:41,2010-09-20 15:44:48,31206,19th & E Street NW,31209,1st & N St  SE,W00868,Member
2228,2010-09-20 15:27:54,2010-09-20 16:05:03,31104,Adams Mill & Columbia Rd NW,31209,1st & N St  SE,W00685,Member
3820,2010-09-20 15:29:26,2010-09-20 16:33:07,31200,Massachusetts Ave & Dupont Circle NW,31206,19th & E Street NW,W00977,Casual
1168,2010-09-20 15:30:28,2010-09-20 15:49:57,31100,19th St & Pennsylvania Ave NW,31600,5th & K St NW,W00930,Member
566,2010-09-20 15:35:47,2010-09-20 15:45:14,31101,14th & V St NW,31207,Georgia Ave and Fairmont St NW,W00960,Member
631,2010-09-20 15:38:46,2010-09-20 15:49:18,31111,10th & U St NW,31200,Massachusetts Ave & Dupont Circle NW,W00958,Member
604,2010-09-20 15:43:10,2010-09-20 15:53:15,31100,19th St & Pennsylvania Ave NW,31203,14th & Rhode Island Ave NW,W00563,Casual
1488,2010-09-20 15:51:30,2010-09-20 16:16:18,31208,M St & New Jersey Ave SE,31600,5th & K St NW,W01084,Member
7275,2010-09-20 15:57:10,2010-09-20 17:58:26,31100,19th St & Pennsylvania Ave NW,31103,16th & Harvard St NW,W00976,Member
1959,2010-09-20 16:17:02,2010-09-20 16:49:42,31200,Massachusetts Ave & Dupont Circle NW,31108,4th & M St SW,W00256,Casual
310,2010-09-20 16:21:22,2010-09-20 16:26:32,31100,19th St & Pennsylvania Ave NW,31100,19th St & Pennsylvania Ave NW,W00159,Member
407,2010-09-20 16:22:43,2010-09-20 16:29:31,31111,10th & U St NW,31201,15th & P St NW,W00642,Member
1145,2010-09-20 16:23:28,2010-09-20 16:42:33,31003,15th & Crystal Dr,31009,27th & Crystal Dr,W00999,Casual
730,2010-09-20 16:29:41,2010-09-20 16:41:51,31600,5th & K St NW,31202,14th & R St NW,W01084,Member
907,2010-09-20 16:31:16,2010-09-20 16:46:24,31100,19th St & Pennsylvania Ave NW,31200,Massachusetts Ave & Dupont Circle NW,W00842,Member
1406,2010-09-20 16:32:50,2010-09-20 16:56:17,31600,5th & K St NW,31107,Lamont & Mt Pleasant NW,W00883,Member
381,2010-09-20 16:35:41,2010-09-20 16:42:03,31200,Massachusetts Ave & Dupont Circle NW,31201,15th & P St NW,W00745,Member
548,2010-09-20 16:37:21,2010-09-20 16:46:30,31200,Massachusetts Ave & Dupont Circle NW,31111,10th & U St NW,W00850,Member
557,2010-09-20 16:45:17,2010-09-20 16:54:34,31009,27th & Crystal Dr,31002,20th & Crystal Dr,W01079,Casual
855,2010-09-20 16:51:43,2010-09-20 17:05:59,31111,10th & U St NW,31104,Adams Mill & Columbia Rd NW,?(0x000000007C120F6A),Member
1733,2010-09-20 16:55:04,2010-09-20 17:23:58,31802,Good Hope Rd & MLK Ave SE,31600,5th & K St NW,W00911,Member
4954,2010-09-20 16:56:14,2010-09-20 18:18:48,31200,Massachusetts Ave & Dupont Circle NW,31200,Massachusetts Ave & Dupont Circle NW,W00322,Casual
1283,2010-09-20 16:57:15,2010-09-20 17:18:38,31603,1st & M St NE,31600,5th & K St NW,W00829,Member
385,2010-09-20 16:57:57,2010-09-20 17:04:22,31101,14th & V St NW,31105,14th & Harvard St NW,W00814,Member
635,2010-09-20 16:57:58,2010-09-20 17:08:34,31200,Massachusetts Ave & Dupont Circle NW,31111,10th & U St NW,W00958,Member
4839,2010-09-20 16:58:08,2010-09-20 18:18:47,31200,Massachusetts Ave & Dupont Circle NW,31200,Massachusetts Ave & Dupont Circle NW,W00993,Casual
466,2010-09-20 17:01:18,2010-09-20 17:09:05,31200,Massachusetts Ave & Dupont Circle NW,31201,15th & P St NW,W00824,Member
892,2010-09-20 17:16:27,2010-09-20 17:31:19,31201,15th & P St NW,31600,5th & K St NW,W01113,Casual
451,2010-09-20 17:16:51,2010-09-20 17:24:22,31111,10th & U St NW,31201,15th & P St NW,W00850,Member
315,2010-09-20 17:17:52,2010-09-20 17:23:08,31109,7th & T St NW,31111,10th & U St NW,W00569,Member
1796,2010-09-20 17:31:06,2010-09-20 18:01:02,31208,M St & New Jersey Ave SE,31204,20th & E St NW,W00428,Member
474,2010-09-20 17:33:52,2010-09-20 17:41:47,31111,10th & U St NW,31201,15th & P St NW,W01050,Member
1037,2010-09-20 17:35:58,2010-09-20 17:53:16,31602,Park Rd & Holmead Pl NW,31400,Georgia & New Hampshire Ave NW,W00903,Member
729,2010-09-20 17:38:19,2010-09-20 17:50:28,31600,5th & K St NW,31202,14th & R St NW,W00829,Member
466,2010-09-20 17:41:31,2010-09-20 17:49:17,31100,19th St & Pennsylvania Ave NW,31201,15th & P St NW,W00968,Member
1440,2010-09-20 17:41:58,2010-09-20 18:05:59,31104,Adams Mill & Columbia Rd NW,31205,21st & I St NW,?(0x000000007C120F6A),Member
507,2010-09-20 17:44:37,2010-09-20 17:53:05,31108,4th & M St SW,31208,M St & New Jersey Ave SE,W01007,Member
1811,2010-09-20 17:46:47,2010-09-20 18:16:58,31203,14th & Rhode Island Ave NW,31203,14th & Rhode Island Ave NW,W00563,Member
959,2010-09-20 17:47:35,2010-09-20 18:03:34,31208,M St & New Jersey Ave SE,31208,M St & New Jersey Ave SE,W00826,Member
1576,2010-09-20 17:50:58,2010-09-20 18:17:14,31603,1st & M St NE,31105,14th & Harvard St NW,W00340,Member
462,2010-09-20 17:51:06,2010-09-20 17:58:48,31200,Massachusetts Ave & Dupont Circle NW,31100,19th St & Pennsylvania Ave NW,W00842,Member
413,2010-09-20 17:51:16,2010-09-20 17:58:10,31108,4th & M St SW,31208,M St & New Jersey Ave SE,W01024,Member
626,2010-09-20 17:52:40,2010-09-20 18:03:06,31201,15th & P St NW,31111,10th & U St NW,W00968,Member
595,2010-09-20 17:54:58,2010-09-20 18:04:53,31111,10th & U St NW,31600,5th & K St NW,W00958,Member
1382,2010-09-20 17:55:09,2010-09-20 18:18:12,31204,20th & E St NW,31600,5th & K St NW,W01058,Member
220,2010-09-20 17:55:23,2010-09-20 17:59:04,31106,Calvert & Biltmore St NW,31104,Adams Mill & Columbia Rd NW,W00830,Member
1159,2010-09-20 17:56:12,2010-09-20 18:15:32,31600,5th & K St NW,31200,Massachusetts Ave & Dupont Circle NW,W01113,Casual
1241,2010-09-20 17:56:32,2010-09-20 18:17:13,31602,Park Rd & Holmead Pl NW,31100,19th St & Pennsylvania Ave NW,W00344,Member
375,2010-09-20 17:57:20,2010-09-20 18:03:35,31109,7th & T St NW,31207,Georgia Ave and Fairmont St NW,W00196,Member
940,2010-09-20 17:59:00,2010-09-20 18:14:40,31202,14th & R St NW,31202,14th & R St NW,W00512,Member
419,2010-09-20 18:01:26,2010-09-20 18:08:25,31009,27th & Crystal Dr,31004,Aurora Hills Community Ctr/18th & Hayes St,W00821,Member
893,2010-09-20 18:01:48,2010-09-20 18:16:42,31100,19th St & Pennsylvania Ave NW,31600,5th & K St NW,W00377,Member
142,2010-09-20 18:03:53,2010-09-20 18:06:15,31201,15th & P St NW,31203,14th & Rhode Island Ave NW,W01050,Member
1879,2010-09-20 18:04:09,2010-09-20 18:35:29,31201,15th & P St NW,31207,Georgia Ave and Fairmont St NW,W00850,Member
2060,2010-09-20 18:05:17,2010-09-20 18:39:38,31103,16th & Harvard St NW,31103,16th & Harvard St NW,W00976,Member
2550,2010-09-20 18:09:03,2010-09-20 18:51:33,31205,21st & I St NW,31205,21st & I St NW,W00747,Member
945,2010-09-20 18:09:19,2010-09-20 18:25:04,31205,21st & I St NW,31202,14th & R St NW,W00142,Member
1864,2010-09-20 18:12:28,2010-09-20 18:43:33,31203,14th & Rhode Island Ave NW,31111,10th & U St NW,W01050,Member
415,2010-09-20 18:14:04,2010-09-20 18:20:59,31200,Massachusetts Ave & Dupont Circle NW,31104,Adams Mill & Columbia Rd NW,W00796,Member
534,2010-09-20 18:14:37,2010-09-20 18:23:31,31201,15th & P St NW,31111,10th & U St NW,W00777,Member
1864,2010-09-20 18:15:58,2010-09-20 18:47:03,31201,15th & P St NW,31209,1st & N St  SE,W00824,Member
1834,2010-09-20 18:16:06,2010-09-20 18:46:40,31201,15th & P St NW,31209,1st & N St  SE,W00642,Member
500,2010-09-20 18:17:24,2010-09-20 18:25:44,31201,15th & P St NW,31110,20th St & Florida Ave NW,W00745,Member
1640,2010-09-20 18:18:47,2010-09-20 18:46:07,31205,21st & I St NW,31006,S Joyce & Army Navy Dr,?(0x000000007C120F6A),Member
868,2010-09-20 18:20:47,2010-09-20 18:35:15,31202,14th & R St NW,31111,10th & U St NW,W00614,Member
400,2010-09-20 18:20:47,2010-09-20 18:27:28,31106,Calvert & Biltmore St NW,31103,16th & Harvard St NW,W00795,Member
245,2010-09-20 18:21:36,2010-09-20 18:25:41,31203,14th & Rhode Island Ave NW,31201,15th & P St NW,W00289,Member
583,2010-09-20 18:25:58,2010-09-20 18:35:42,31200,Massachusetts Ave & Dupont Circle NW,31101,14th & V St NW,W00322,Member
199,2010-09-20 18:28:24,2010-09-20 18:31:44,31011,23rd & Crystal Dr,31009,27th & Crystal Dr,W00735,Member
194,2010-09-20 18:28:48,2010-09-20 18:32:02,31011,23rd & Crystal Dr,31009,27th & Crystal Dr,W00764,Member
1455,2010-09-20 18:29:24,2010-09-20 18:53:39,31600,5th & K St NW,31111,10th & U St NW,W00958,Member
638,2010-09-20 18:31:16,2010-09-20 18:41:55,31100,19th St & Pennsylvania Ave NW,31110,20th St & Florida Ave NW,W00344,Member
259,2010-09-20 18:34:14,2010-09-20 18:38:34,31104,Adams Mill & Columbia Rd NW,31110,20th St & Florida Ave NW,W00796,Member
521,2010-09-20 18:35:16,2010-09-20 18:43:58,31600,5th & K St NW,31201,15th & P St NW,W00930,Member
169,2010-09-20 18:40:30,2010-09-20 18:43:19,31203,14th & Rhode Island Ave NW,31202,14th & R St NW,W00563,Member
7554,2010-09-20 18:42:00,2010-09-20 20:47:54,31105,14th & Harvard St NW,31105,14th & Harvard St NW,W01059,Casual
7512,2010-09-20 18:42:04,2010-09-20 20:47:16,31105,14th & Harvard St NW,31105,14th & Harvard St NW,W00804,Casual
793,2010-09-20 18:42:37,2010-09-20 18:55:51,31200,Massachusetts Ave & Dupont Circle NW,31111,10th & U St NW,W00993,Member
132,2010-09-20 18:43:23,2010-09-20 18:45:35,31201,15th & P St NW,31203,14th & Rhode Island Ave NW,W00289,Member
235,2010-09-20 18:44:34,2010-09-20 18:48:30,31201,15th & P St NW,31202,14th & R St NW,W00930,Member
375,2010-09-20 18:48:24,2010-09-20 18:54:39,31011,23rd & Crystal Dr,31003,15th & Crystal Dr,W01016,Member
768,2010-09-20 18:48:48,2010-09-20 19:01:37,31108,4th & M St SW,31208,M St & New Jersey Ave SE,W00872,Member
849,2010-09-20 18:51:29,2010-09-20 19:05:39,31001,18th & Eads St.,31001,18th & Eads St.,W00758,Member
509,2010-09-20 18:52:35,2010-09-20 19:01:04,31110,20th St & Florida Ave NW,31104,Adams Mill & Columbia Rd NW,W00344,Member
486,2010-09-20 18:52:43,2010-09-20 19:00:50,31110,20th St & Florida Ave NW,31104,Adams Mill & Columbia Rd NW,W00796,Member
692,2010-09-20 18:52:50,2010-09-20 19:04:22,31602,Park Rd & Holmead Pl NW,31201,15th & P St NW,W00472,Member
668,2010-09-20 18:52:52,2010-09-20 19:04:00,31100,19th St & Pennsylvania Ave NW,31200,Massachusetts Ave & Dupont Circle NW,W00842,Member
550,2010-09-20 18:56:20,2010-09-20 19:05:30,31600,5th & K St NW,31201,15th & P St NW,W00605,Member
952,2010-09-20 18:59:34,2010-09-20 19:15:27,31200,Massachusetts Ave & Dupont Circle NW,31600,5th & K St NW,W01113,Casual
790,2010-09-20 19:02:36,2010-09-20 19:15:47,31101,14th & V St NW,31200,Massachusetts Ave & Dupont Circle NW,W00772,Member
1107,2010-09-20 19:04:00,2010-09-20 19:22:27,31110,20th St & Florida Ave NW,31110,20th St & Florida Ave NW,W00745,Member
302,2010-09-20 19:04:26,2010-09-20 19:09:28,31202,14th & R St NW,31203,14th & Rhode Island Ave NW,W00563,Member
1072,2010-09-20 19:06:48,2010-09-20 19:24:40,31603,1st & M St NE,31502,John McCormack Dr & Michigan Ave NE,W00803,Member
382,2010-09-20 19:07:38,2010-09-20 19:14:01,31200,Massachusetts Ave & Dupont Circle NW,31201,15th & P St NW,W00842,Member
1136,2010-09-20 19:14:22,2010-09-20 19:33:18,31401,14th St & Spring Rd NW,31201,15th & P St NW,W00318,Casual
1545,2010-09-20 19:14:40,2010-09-20 19:40:25,31207,Georgia Ave and Fairmont St NW,31104,Adams Mill & Columbia Rd NW,W00960,Member
1189,2010-09-20 19:17:00,2010-09-20 19:36:50,31100,19th St & Pennsylvania Ave NW,31111,10th & U St NW,W00159,Member
1389,2010-09-20 19:18:09,2010-09-20 19:41:18,31603,1st & M St NE,31107,Lamont & Mt Pleasant NW,W00928,Member
146,2010-09-20 19:18:15,2010-09-20 19:20:41,31104,Adams Mill & Columbia Rd NW,31106,Calvert & Biltmore St NW,W00796,Member
1733,2010-09-20 19:22:06,2010-09-20 19:50:59,31200,Massachusetts Ave & Dupont Circle NW,31104,Adams Mill & Columbia Rd NW,W00772,Member
304,2010-09-20 19:22:23,2010-09-20 19:27:27,31201,15th & P St NW,31201,15th & P St NW,W00842,Member
2325,2010-09-20 19:23:30,2010-09-20 20:02:16,31106,Calvert & Biltmore St NW,31200,Massachusetts Ave & Dupont Circle NW,W00867,Casual
2314,2010-09-20 19:23:56,2010-09-20 20:02:30,31106,Calvert & Biltmore St NW,31200,Massachusetts Ave & Dupont Circle NW,W00380,Casual
961,2010-09-20 19:25:33,2010-09-20 19:41:35,31205,21st & I St NW,31200,Massachusetts Ave & Dupont Circle NW,W01008,Casual
668,2010-09-20 19:26:08,2010-09-20 19:37:16,31201,15th & P St NW,31111,10th & U St NW,W00472,Member
2467,2010-09-20 19:26:39,2010-09-20 20:07:47,31000,Eads St & 15th St S,31007,Crystal City Metro / 18th & Bell St,W00819,Casual
827,2010-09-20 19:27:34,2010-09-20 19:41:22,31205,21st & I St NW,31200,Massachusetts Ave & Dupont Circle NW,W00747,Casual
487,2010-09-20 19:28:17,2010-09-20 19:36:25,31208,M St & New Jersey Ave SE,31108,4th & M St SW,W01024,Member
1041,2010-09-20 19:29:09,2010-09-20 19:46:30,31100,19th St & Pennsylvania Ave NW,31107,Lamont & Mt Pleasant NW,W00194,Member
4532,2010-09-20 19:43:26,2010-09-20 20:58:59,31101,14th & V St NW,31203,14th & Rhode Island Ave NW,W00322,Casual
1427,2010-09-20 19:44:28,2010-09-20 20:08:15,31603,1st & M St NE,31603,1st & M St NE,W00873,Member
68,2010-09-20 19:44:34,2010-09-20 19:45:42,31111,10th & U St NW,31111,10th & U St NW,W01050,Member
850,2010-09-20 19:46:03,2010-09-20 20:00:14,31111,10th & U St NW,31110,20th St & Florida Ave NW,W00159,Member
490,2010-09-20 19:47:04,2010-09-20 19:55:15,31110,20th St & Florida Ave NW,31104,Adams Mill & Columbia Rd NW,W00745,Member
1035,2010-09-20 19:51:10,2010-09-20 20:08:25,31603,1st & M St NE,31603,1st & M St NE,W00973,Member
1322,2010-09-20 19:51:15,2010-09-20 20:13:17,31201,15th & P St NW,31401,14th St & Spring Rd NW,W00318,Casual
752,2010-09-20 19:53:45,2010-09-20 20:06:17,31005,Pentagon City Metro / 12th & S Hayes St,31010,S Glebe & Potomac Ave,W00961,Member
767,2010-09-20 19:53:45,2010-09-20 20:06:32,31005,Pentagon City Metro / 12th & S Hayes St,31010,S Glebe & Potomac Ave,W01018,Member
484,2010-09-20 19:56:10,2010-09-20 20:04:15,31104,Adams Mill & Columbia Rd NW,31101,14th & V St NW,W00772,Member
296,2010-09-20 19:57:48,2010-09-20 20:02:44,31400,Georgia & New Hampshire Ave NW,31401,14th St & Spring Rd NW,W00860,Casual
961,2010-09-20 19:57:50,2010-09-20 20:13:52,31201,15th & P St NW,31205,21st & I St NW,W00605,Casual
914,2010-09-20 19:58:43,2010-09-20 20:13:58,31201,15th & P St NW,31205,21st & I St NW,W00842,Casual
649,2010-09-20 20:02:22,2010-09-20 20:13:12,31107,Lamont & Mt Pleasant NW,31106,Calvert & Biltmore St NW,W00194,Member
915,2010-09-20 20:04:29,2010-09-20 20:19:45,31200,Massachusetts Ave & Dupont Circle NW,31101,14th & V St NW,W00867,Casual
347,2010-09-20 20:05:21,2010-09-20 20:11:09,31104,Adams Mill & Columbia Rd NW,31200,Massachusetts Ave & Dupont Circle NW,W00344,Member
347,2010-09-20 20:05:23,2010-09-20 20:11:11,31104,Adams Mill & Columbia Rd NW,31200,Massachusetts Ave & Dupont Circle NW,W00830,Member
513,2010-09-20 20:05:52,2010-09-20 20:14:26,31600,5th & K St NW,31203,14th & Rhode Island Ave NW,W00911,Member
293,2010-09-20 20:06:43,2010-09-20 20:11:37,31202,14th & R St NW,31101,14th & V St NW,W01084,Member
357,2010-09-20 20:07:14,2010-09-20 20:13:11,31111,10th & U St NW,31101,14th & V St NW,W00968,Member
636,2010-09-20 20:10:33,2010-09-20 20:21:10,31110,20th St & Florida Ave NW,31111,10th & U St NW,W00159,Member
1669,2010-09-20 20:10:44,2010-09-20 20:38:34,31600,5th & K St NW,31105,14th & Harvard St NW,W01113,Member
988,2010-09-20 20:11:11,2010-09-20 20:27:40,31200,Massachusetts Ave & Dupont Circle NW,31200,Massachusetts Ave & Dupont Circle NW,W00380,Member
365,2010-09-20 20:14:41,2010-09-20 20:20:47,31111,10th & U St NW,31203,14th & Rhode Island Ave NW,W01050,Member
2564,2010-09-20 20:15:06,2010-09-20 20:57:51,31111,10th & U St NW,31111,10th & U St NW,W00569,Member
204,2010-09-20 20:19:22,2010-09-20 20:22:47,31106,Calvert & Biltmore St NW,31106,Calvert & Biltmore St NW,W00796,Member
1186,2010-09-20 20:24:02,2010-09-20 20:43:48,31204,20th & E St NW,31110,20th St & Florida Ave NW,W00428,Member
3841,2010-09-20 20:28:28,2010-09-20 21:32:30,31108,4th & M St SW,31108,4th & M St SW,W01024,Casual
3728,2010-09-20 20:30:14,2010-09-20 21:32:23,31108,4th & M St SW,31108,4th & M St SW,W00959,Casual
278,2010-09-20 20:36:05,2010-09-20 20:40:44,31106,Calvert & Biltmore St NW,31104,Adams Mill & Columbia Rd NW,W00796,Member
148,2010-09-20 20:49:33,2010-09-20 20:52:02,31602,Park Rd & Holmead Pl NW,31602,Park Rd & Holmead Pl NW,W00775,Member
433,2010-09-20 20:50:18,2010-09-20 20:57:31,31203,14th & Rhode Island Ave NW,31600,5th & K St NW,W00289,Member
1239,2010-09-20 20:52:40,2010-09-20 21:13:20,31103,16th & Harvard St NW,31107,Lamont & Mt Pleasant NW,W00948,Member
260,2010-09-20 20:53:04,2010-09-20 20:57:24,31101,14th & V St NW,31203,14th & Rhode Island Ave NW,W01067,Member
786,2010-09-20 20:54:53,2010-09-20 21:08:00,31010,S Glebe & Potomac Ave,31004,Aurora Hills Community Ctr/18th & Hayes St,W00961,Member
791,2010-09-20 20:54:54,2010-09-20 21:08:06,31010,S Glebe & Potomac Ave,31004,Aurora Hills Community Ctr/18th & Hayes St,W01018,Member
863,2010-09-20 21:03:27,2010-09-20 21:17:51,31011,23rd & Crystal Dr,31006,S Joyce & Army Navy Dr,W00760,Casual
271,2010-09-20 21:04:40,2010-09-20 21:09:11,31007,Crystal City Metro / 18th & Bell St,31009,27th & Crystal Dr,W00509,Casual
525,2010-09-20 21:07:28,2010-09-20 21:16:14,31012,26th & S Clark St,31010,S Glebe & Potomac Ave,W01034,Member
359,2010-09-20 21:12:31,2010-09-20 21:18:30,31103,16th & Harvard St NW,31103,16th & Harvard St NW,W00795,Member
475,2010-09-20 21:14:43,2010-09-20 21:22:38,31205,21st & I St NW,31200,Massachusetts Ave & Dupont Circle NW,W00842,Member
3722,2010-09-20 21:15:59,2010-09-20 22:18:02,31209,1st & N St  SE,31007,Crystal City Metro / 18th & Bell St,W01083,Member
384,2010-09-20 21:16:35,2010-09-20 21:22:59,31200,Massachusetts Ave & Dupont Circle NW,31203,14th & Rhode Island Ave NW,W00380,Member
1122,2010-09-20 21:24:41,2010-09-20 21:43:23,31401,14th St & Spring Rd NW,31202,14th & R St NW,W00318,Member
1620,2010-09-20 21:28:10,2010-09-20 21:55:11,31209,1st & N St  SE,31203,14th & Rhode Island Ave NW,W00032,Member
1593,2010-09-20 21:28:19,2010-09-20 21:54:53,31209,1st & N St  SE,31203,14th & Rhode Island Ave NW,W01030,Member
1088,2010-09-20 21:28:23,2010-09-20 21:46:32,31200,Massachusetts Ave & Dupont Circle NW,31207,Georgia Ave and Fairmont St NW,W00747,Member
507,2010-09-20 21:32:51,2010-09-20 21:41:19,31010,S Glebe & Potomac Ave,31011,23rd & Crystal Dr,W01034,Member
491,2010-09-20 21:33:20,2010-09-20 21:41:32,31006,S Joyce & Army Navy Dr,31011,23rd & Crystal Dr,W00760,Casual
629,2010-09-20 21:38:23,2010-09-20 21:48:52,31104,Adams Mill & Columbia Rd NW,31207,Georgia Ave and Fairmont St NW,W00745,Member
378,2010-09-20 21:39:34,2010-09-20 21:45:53,31104,Adams Mill & Columbia Rd NW,31105,14th & Harvard St NW,W00796,Casual
544,2010-09-20 21:45:02,2010-09-20 21:54:07,31101,14th & V St NW,31207,Georgia Ave and Fairmont St NW,W00772,Member
1463,2010-09-20 21:50:11,2010-09-20 22:14:34,31203,14th & Rhode Island Ave NW,31401,14th St & Spring Rd NW,W00380,Member
349,2010-09-20 21:58:24,2010-09-20 22:04:14,31400,Georgia & New Hampshire Ave NW,31401,14th St & Spring Rd NW,W00903,Member
5854,2010-09-20 22:06:24,2010-09-20 23:43:58,31200,Massachusetts Ave & Dupont Circle NW,31205,21st & I St NW,W00842,Casual
5839,2010-09-20 22:06:27,2010-09-20 23:43:46,31200,Massachusetts Ave & Dupont Circle NW,31205,21st & I St NW,W01008,Casual
696,2010-09-20 22:12:18,2010-09-20 22:23:55,31401,14th St & Spring Rd NW,31101,14th & V St NW,W00903,Member
1593,2010-09-20 22:20:01,2010-09-20 22:46:34,31600,5th & K St NW,31201,15th & P St NW,W00289,Member
1638,2010-09-20 22:42:41,2010-09-20 23:09:59,31206,19th & E Street NW,31109,7th & T St NW,W00555,Member
224,2010-09-20 23:06:20,2010-09-20 23:10:05,31200,Massachusetts Ave & Dupont Circle NW,31200,Massachusetts Ave & Dupont Circle NW,W00830,Member
528,2010-09-20 23:17:00,2010-09-20 23:25:48,31004,Aurora Hills Community Ctr/18th & Hayes St,31006,S Joyce & Army Navy Dr,W00961,Member
817,2010-09-20 23:30:50,2010-09-20 23:44:28,31006,S Joyce & Army Navy Dr,31011,23rd & Crystal Dr,?(0x000000007C120F6A),Member
267,2010-09-20 23:44:01,2010-09-20 23:48:29,31602,Park Rd & Holmead Pl NW,31101,14th & V St NW,W00775,Member
764,2010-09-20 23:51:40,2010-09-21 0:04:24,31002,20th & Crystal Dr,31005,Pentagon City Metro / 12th & S Hayes St,W01000,Member
783,2010-09-21 0:07:26,2010-09-21 0:20:29,31001,18th & Eads St.,31004,Aurora Hills Community Ctr/18th & Hayes St,W00825,Member
792,2010-09-21 0:18:54,2010-09-21 0:32:07,31101,14th & V St NW,31400,Georgia & New Hampshire Ave NW,W00968,Member
485,2010-09-21 6:45:15,2010-09-21 6:53:21,31207,Georgia Ave and Fairmont St NW,31101,14th & V St NW,W00772,Member
1191,2010-09-21 6:49:35,2010-09-21 7:09:26,31003,15th & Crystal Dr,31003,15th & Crystal Dr,W00807,Casual
489,2010-09-21 6:51:46,2010-09-21 6:59:55,31400,Georgia & New Hampshire Ave NW,31101,14th & V St NW,W00838,Member
503,2010-09-21 7:09:13,2010-09-21 7:17:37,31200,Massachusetts Ave & Dupont Circle NW,31204,20th & E St NW,W00830,Member
6030,2010-09-21 7:21:58,2010-09-21 9:02:29,31101,14th & V St NW,31201,15th & P St NW,W00903,Member
1366,2010-09-21 7:23:57,2010-09-21 7:46:43,31109,7th & T St NW,31206,19th & E Street NW,W00555,Member
996,2010-09-21 7:24:54,2010-09-21 7:41:31,31107,Lamont & Mt Pleasant NW,31100,19th St & Pennsylvania Ave NW,W00948,Casual
585,2010-09-21 7:41:33,2010-09-21 7:51:19,31200,Massachusetts Ave & Dupont Circle NW,31205,21st & I St NW,W00344,Member
473,2010-09-21 7:48:01,2010-09-21 7:55:54,31203,14th & Rhode Island Ave NW,31100,19th St & Pennsylvania Ave NW,W01050,Member
620,2010-09-21 8:02:39,2010-09-21 8:13:00,31603,1st & M St NE,31203,14th & Rhode Island Ave NW,W00873,Member
418,2010-09-21 8:03:00,2010-09-21 8:09:59,31207,Georgia Ave and Fairmont St NW,31101,14th & V St NW,W00745,Member
480,2010-09-21 8:04:19,2010-09-21 8:12:20,31401,14th St & Spring Rd NW,31101,14th & V St NW,W00734,Member
656,2010-09-21 8:06:51,2010-09-21 8:17:48,31103,16th & Harvard St NW,31200,Massachusetts Ave & Dupont Circle NW,W00795,Member
896,2010-09-21 8:07:57,2010-09-21 8:22:53,31104,Adams Mill & Columbia Rd NW,31204,20th & E St NW,W01069,Casual
369,2010-09-21 8:13:04,2010-09-21 8:19:13,31208,M St & New Jersey Ave SE,31108,4th & M St SW,W00826,Member
254,2010-09-21 8:17:40,2010-09-21 8:21:55,31101,14th & V St NW,31203,14th & Rhode Island Ave NW,W00772,Member
3022,2010-09-21 8:18:55,2010-09-21 9:09:18,31600,5th & K St NW,31205,21st & I St NW,W00557,Member
554,2010-09-21 8:19:42,2010-09-21 8:28:56,31007,Crystal City Metro / 18th & Bell St,31009,27th & Crystal Dr,W00819,Member
513,2010-09-21 8:21:49,2010-09-21 8:30:22,31103,16th & Harvard St NW,31200,Massachusetts Ave & Dupont Circle NW,W00976,Member
1758,2010-09-21 8:26:36,2010-09-21 8:55:55,31110,20th St & Florida Ave NW,31100,19th St & Pennsylvania Ave NW,W00198,Casual
591,2010-09-21 8:28:05,2010-09-21 8:37:56,31203,14th & Rhode Island Ave NW,31600,5th & K St NW,W01030,Member
327,2010-09-21 8:34:41,2010-09-21 8:40:08,31101,14th & V St NW,31203,14th & Rhode Island Ave NW,W00918,Member
133,2010-09-21 8:37:01,2010-09-21 8:39:15,31103,16th & Harvard St NW,31103,16th & Harvard St NW,W00039,Member
191,2010-09-21 8:37:37,2010-09-21 8:40:48,31201,15th & P St NW,31202,14th & R St NW,W01070,Member
309,2010-09-21 8:37:38,2010-09-21 8:42:48,31107,Lamont & Mt Pleasant NW,31104,Adams Mill & Columbia Rd NW,W00971,Member
712,2010-09-21 8:39:09,2010-09-21 8:51:02,31201,15th & P St NW,31205,21st & I St NW,W01063,Member
2140,2010-09-21 8:39:39,2010-09-21 9:15:19,31110,20th St & Florida Ave NW,31204,20th & E St NW,W00428,Casual
914,2010-09-21 8:40:16,2010-09-21 8:55:30,31105,14th & Harvard St NW,31205,21st & I St NW,W01059,Member
554,2010-09-21 8:41:18,2010-09-21 8:50:32,31111,10th & U St NW,31200,Massachusetts Ave & Dupont Circle NW,W00614,Member
874,2010-09-21 8:42:15,2010-09-21 8:56:49,31111,10th & U St NW,31200,Massachusetts Ave & Dupont Circle NW,W00777,Member
2274,2010-09-21 8:45:15,2010-09-21 9:23:10,31103,16th & Harvard St NW,31206,19th & E Street NW,W00039,Member
392,2010-09-21 8:45:15,2010-09-21 8:51:47,31200,Massachusetts Ave & Dupont Circle NW,31100,19th St & Pennsylvania Ave NW,W00976,Member
969,2010-09-21 8:48:36,2010-09-21 9:04:45,31105,14th & Harvard St NW,31600,5th & K St NW,W01113,Member
480,2010-09-21 8:55:15,2010-09-21 9:03:16,31201,15th & P St NW,31200,Massachusetts Ave & Dupont Circle NW,W00289,Member
267,2010-09-21 9:01:01,2010-09-21 9:05:28,31203,14th & Rhode Island Ave NW,31200,Massachusetts Ave & Dupont Circle NW,W00322,Member
465,2010-09-21 9:03:55,2010-09-21 9:11:40,31110,20th St & Florida Ave NW,31203,14th & Rhode Island Ave NW,W00519,Member
451,2010-09-21 9:04:51,2010-09-21 9:12:22,31602,Park Rd & Holmead Pl NW,31105,14th & Harvard St NW,W00858,Member
298,2010-09-21 9:07:43,2010-09-21 9:12:42,31201,15th & P St NW,31101,14th & V St NW,W00903,Member
1595,2010-09-21 9:12:00,2010-09-21 9:38:36,31105,14th & Harvard St NW,31203,14th & Rhode Island Ave NW,W00804,Member
1208,2010-09-21 9:18:17,2010-09-21 9:38:26,31105,14th & Harvard St NW,31203,14th & Rhode Island Ave NW,W00340,Member
1035,2010-09-21 9:18:18,2010-09-21 9:35:34,31205,21st & I St NW,31104,Adams Mill & Columbia Rd NW,W00344,Member
1714,2010-09-21 9:19:24,2010-09-21 9:47:59,31103,16th & Harvard St NW,31100,19th St & Pennsylvania Ave NW,W00780,Casual
759,2010-09-21 9:19:37,2010-09-21 9:32:16,31111,10th & U St NW,31200,Massachusetts Ave & Dupont Circle NW,W00993,Member
149,2010-09-21 9:20:32,2010-09-21 9:23:01,31104,Adams Mill & Columbia Rd NW,31106,Calvert & Biltmore St NW,W00971,Member
2448,2010-09-21 9:21:35,2010-09-21 10:02:24,31111,10th & U St NW,31108,4th & M St SW,W00958,Casual
751,2010-09-21 9:21:55,2010-09-21 9:34:26,31400,Georgia & New Hampshire Ave NW,31201,15th & P St NW,W00968,Member
736,2010-09-21 9:26:44,2010-09-21 9:39:01,31200,Massachusetts Ave & Dupont Circle NW,31100,19th St & Pennsylvania Ave NW,W00523,Member
312,2010-09-21 9:28:14,2010-09-21 9:33:27,31201,15th & P St NW,31200,Massachusetts Ave & Dupont Circle NW,W01101,Member
81,2010-09-21 9:37:21,2010-09-21 9:38:43,31008,12th & Army Navy Dr,31008,12th & Army Navy Dr,W00637,Member
1352,2010-09-21 9:42:57,2010-09-21 10:05:30,31107,Lamont & Mt Pleasant NW,31600,5th & K St NW,W00928,Member
1200,2010-09-21 9:43:53,2010-09-21 10:03:54,31200,Massachusetts Ave & Dupont Circle NW,31203,14th & Rhode Island Ave NW,W00743,Member
3821,2010-09-21 9:47:04,2010-09-21 10:50:46,31101,14th & V St NW,31600,5th & K St NW,W01084,Member
303,2010-09-21 9:54:43,2010-09-21 9:59:46,31201,15th & P St NW,31200,Massachusetts Ave & Dupont Circle NW,W00968,Member
896,2010-09-21 9:56:06,2010-09-21 10:11:02,31600,5th & K St NW,31100,19th St & Pennsylvania Ave NW,W01058,Member
725,2010-09-21 9:56:46,2010-09-21 10:08:51,31100,19th St & Pennsylvania Ave NW,31203,14th & Rhode Island Ave NW,W00948,Casual
1054,2010-09-21 9:58:36,2010-09-21 10:16:11,31105,14th & Harvard St NW,31200,Massachusetts Ave & Dupont Circle NW,W00814,Casual
491,2010-09-21 10:24:03,2010-09-21 10:32:14,31203,14th & Rhode Island Ave NW,31600,5th & K St NW,W00873,Member
1268,2010-09-21 10:27:49,2010-09-21 10:48:58,31107,Lamont & Mt Pleasant NW,31205,21st & I St NW,W00883,Casual
2713,2010-09-21 10:28:03,2010-09-21 11:13:16,31007,Crystal City Metro / 18th & Bell St,31209,1st & N St  SE,W00868,Member
1750,2010-09-21 10:30:51,2010-09-21 11:00:01,31207,Georgia Ave and Fairmont St NW,31205,21st & I St NW,W00476,Member
903,2010-09-21 10:31:31,2010-09-21 10:46:35,31109,7th & T St NW,31600,5th & K St NW,W01029,Member
792,2010-09-21 10:32:57,2010-09-21 10:46:10,31400,Georgia & New Hampshire Ave NW,31104,Adams Mill & Columbia Rd NW,W00773,Member
3452,2010-09-21 10:43:09,2010-09-21 11:40:41,31104,Adams Mill & Columbia Rd NW,31200,Massachusetts Ave & Dupont Circle NW,W00526,Casual
805,2010-09-21 10:47:25,2010-09-21 11:00:50,31105,14th & Harvard St NW,31200,Massachusetts Ave & Dupont Circle NW,W00796,Member
148,2010-09-21 10:53:40,2010-09-21 10:56:08,31202,14th & R St NW,31201,15th & P St NW,W00648,Member
278,2010-09-21 10:54:45,2010-09-21 10:59:24,31104,Adams Mill & Columbia Rd NW,31104,Adams Mill & Columbia Rd NW,W00960,Member
1193,2010-09-21 10:56:24,2010-09-21 11:16:18,31104,Adams Mill & Columbia Rd NW,31603,1st & M St NE,W00773,Member
3238,2010-09-21 10:58:58,2010-09-21 11:52:56,31110,20th St & Florida Ave NW,31100,19th St & Pennsylvania Ave NW,W00566,Casual
3049,2010-09-21 11:02:03,2010-09-21 11:52:53,31110,20th St & Florida Ave NW,31100,19th St & Pennsylvania Ave NW,W00639,Casual
5478,2010-09-21 11:09:09,2010-09-21 12:40:27,31110,20th St & Florida Ave NW,31600,5th & K St NW,W00281,Casual
5458,2010-09-21 11:09:21,2010-09-21 12:40:20,31110,20th St & Florida Ave NW,31600,5th & K St NW,W00471,Casual
403,2010-09-21 11:09:37,2010-09-21 11:16:21,31203,14th & Rhode Island Ave NW,31200,Massachusetts Ave & Dupont Circle NW,W00032,Member
350,2010-09-21 11:25:22,2010-09-21 11:31:13,31011,23rd & Crystal Dr,31010,S Glebe & Potomac Ave,?(0x000000007C120F6A),Member
695,2010-09-21 11:27:03,2010-09-21 11:38:38,31007,Crystal City Metro / 18th & Bell St,31010,S Glebe & Potomac Ave,W00996,Member
1251,2010-09-21 11:41:46,2010-09-21 12:02:37,31603,1st & M St NE,31200,Massachusetts Ave & Dupont Circle NW,W00773,Member
599,2010-09-21 11:43:24,2010-09-21 11:53:24,31200,Massachusetts Ave & Dupont Circle NW,31201,15th & P St NW,W01101,Casual
579,2010-09-21 11:43:38,2010-09-21 11:53:17,31200,Massachusetts Ave & Dupont Circle NW,31201,15th & P St NW,W00614,Member
551,2010-09-21 11:46:56,2010-09-21 11:56:07,31010,S Glebe & Potomac Ave,31002,20th & Crystal Dr,?(0x000000007C120F6A),Member
288,2010-09-21 11:47:40,2010-09-21 11:52:28,31010,S Glebe & Potomac Ave,31012,26th & S Clark St,W00707,Member
780,2010-09-21 11:53:02,2010-09-21 12:06:02,31200,Massachusetts Ave & Dupont Circle NW,31204,20th & E St NW,W00814,Member
981,2010-09-21 11:53:50,2010-09-21 12:10:11,31600,5th & K St NW,31100,19th St & Pennsylvania Ave NW,W00873,Member
1754,2010-09-21 11:56:45,2010-09-21 12:26:00,31603,1st & M St NE,31603,1st & M St NE,?(0x000000004752DD3A),Member
211,2010-09-21 11:58:35,2010-09-21 12:02:07,31106,Calvert & Biltmore St NW,31104,Adams Mill & Columbia Rd NW,W00971,Member
1436,2010-09-21 11:59:23,2010-09-21 12:23:20,31110,20th St & Florida Ave NW,31205,21st & I St NW,W00492,Casual
6354,2010-09-21 12:03:35,2010-09-21 13:49:29,31110,20th St & Florida Ave NW,31600,5th & K St NW,W00491,Casual
1322,2010-09-21 12:09:15,2010-09-21 12:31:18,31208,M St & New Jersey Ave SE,31208,M St & New Jersey Ave SE,W00886,Member
750,2010-09-21 12:16:52,2010-09-21 12:29:22,31205,21st & I St NW,31200,Massachusetts Ave & Dupont Circle NW,W00910,Member
2343,2010-09-21 12:20:54,2010-09-21 12:59:57,31206,19th & E Street NW,31206,19th & E Street NW,W00039,Casual
1016,2010-09-21 12:22:00,2010-09-21 12:38:56,31204,20th & E St NW,31600,5th & K St NW,W00830,Casual
1084,2010-09-21 12:22:30,2010-09-21 12:40:34,31007,Crystal City Metro / 18th & Bell St,31002,20th & Crystal Dr,W00642,Member
219,2010-09-21 12:25:13,2010-09-21 12:28:52,31009,27th & Crystal Dr,31002,20th & Crystal Dr,W00999,Casual
794,2010-09-21 12:27:18,2010-09-21 12:40:32,31201,15th & P St NW,31600,5th & K St NW,W00614,Member
793,2010-09-21 12:27:21,2010-09-21 12:40:35,31201,15th & P St NW,31600,5th & K St NW,W01101,Casual
94,2010-09-21 12:30:09,2010-09-21 12:31:44,31003,15th & Crystal Dr,31003,15th & Crystal Dr,W01124,Member
1730,2010-09-21 12:32:16,2010-09-21 13:01:06,31003,15th & Crystal Dr,31010,S Glebe & Potomac Ave,W01124,Member
1301,2010-09-21 12:33:51,2010-09-21 12:55:32,31009,27th & Crystal Dr,31009,27th & Crystal Dr,W00735,Casual
513,2010-09-21 12:34:03,2010-09-21 12:42:36,31200,Massachusetts Ave & Dupont Circle NW,31203,14th & Rhode Island Ave NW,W00910,Member
234,2010-09-21 12:40:43,2010-09-21 12:44:37,31101,14th & V St NW,31101,14th & V St NW,W00745,Member
2082,2010-09-21 12:41:32,2010-09-21 13:16:14,31200,Massachusetts Ave & Dupont Circle NW,31106,Calvert & Biltmore St NW,W00773,Member
571,2010-09-21 12:48:22,2010-09-21 12:57:53,31200,Massachusetts Ave & Dupont Circle NW,31203,14th & Rhode Island Ave NW,W00968,Member
1673,2010-09-21 12:48:29,2010-09-21 13:16:23,31108,4th & M St SW,31002,20th & Crystal Dr,W00958,Member
641,2010-09-21 12:55:20,2010-09-21 13:06:02,31107,Lamont & Mt Pleasant NW,31203,14th & Rhode Island Ave NW,W00119,Member
460,2010-09-21 12:57:40,2010-09-21 13:05:21,31110,20th St & Florida Ave NW,31201,15th & P St NW,W00855,Member
2191,2010-09-21 12:59:17,2010-09-21 13:35:48,31205,21st & I St NW,31200,Massachusetts Ave & Dupont Circle NW,W01059,Member
920,2010-09-21 13:00:10,2010-09-21 13:15:31,31201,15th & P St NW,31600,5th & K St NW,W00648,Member
386,2010-09-21 13:04:19,2010-09-21 13:10:45,31200,Massachusetts Ave & Dupont Circle NW,31205,21st & I St NW,W00795,Casual
832,2010-09-21 13:05:23,2010-09-21 13:19:16,31101,14th & V St NW,31106,Calvert & Biltmore St NW,W00918,Member
815,2010-09-21 13:05:31,2010-09-21 13:19:06,31101,14th & V St NW,31106,Calvert & Biltmore St NW,W00745,Member
719,2010-09-21 13:06:17,2010-09-21 13:18:16,31010,S Glebe & Potomac Ave,31008,12th & Army Navy Dr,W01124,Member
1778,2010-09-21 13:07:17,2010-09-21 13:36:55,31400,Georgia & New Hampshire Ave NW,31101,14th & V St NW,W00363,Casual
5136,2010-09-21 13:07:45,2010-09-21 14:33:21,31007,Crystal City Metro / 18th & Bell St,31001,18th & Eads St.,W01083,Casual
376,2010-09-21 13:12:49,2010-09-21 13:19:05,31002,20th & Crystal Dr,31009,27th & Crystal Dr,W00999,Casual
1541,2010-09-21 13:21:12,2010-09-21 13:46:53,31002,20th & Crystal Dr,31108,4th & M St SW,W00570,Member
573,2010-09-21 13:28:54,2010-09-21 13:38:27,31203,14th & Rhode Island Ave NW,31205,21st & I St NW,W00772,Member
540,2010-09-21 13:29:41,2010-09-21 13:38:41,31209,1st & N St  SE,31108,4th & M St SW,W00872,Member
2759,2010-09-21 13:31:48,2010-09-21 14:17:47,31202,14th & R St NW,31600,5th & K St NW,W00930,Casual
2761,2010-09-21 13:31:53,2010-09-21 14:17:55,31202,14th & R St NW,31600,5th & K St NW,W00518,Casual
747,2010-09-21 13:37:38,2010-09-21 13:50:06,31201,15th & P St NW,31205,21st & I St NW,W00855,Casual
593,2010-09-21 13:39:23,2010-09-21 13:49:16,31203,14th & Rhode Island Ave NW,31603,1st & M St NE,W00910,Member
1477,2010-09-21 13:44:13,2010-09-21 14:08:50,31200,Massachusetts Ave & Dupont Circle NW,31603,1st & M St NE,W00526,Member
596,2010-09-21 13:44:30,2010-09-21 13:54:26,31108,4th & M St SW,31209,1st & N St  SE,W00332,Member
1254,2010-09-21 13:46:09,2010-09-21 14:07:03,31200,Massachusetts Ave & Dupont Circle NW,31600,5th & K St NW,W01059,Member
523,2010-09-21 13:55:09,2010-09-21 14:03:52,31000,Eads St & 15th St S,31011,23rd & Crystal Dr,W00100,Member
616,2010-09-21 13:56:04,2010-09-21 14:06:20,31203,14th & Rhode Island Ave NW,31110,20th St & Florida Ave NW,W00119,Member
617,2010-09-21 14:00:13,2010-09-21 14:10:31,31106,Calvert & Biltmore St NW,31101,14th & V St NW,W00918,Member
612,2010-09-21 14:00:21,2010-09-21 14:10:34,31106,Calvert & Biltmore St NW,31101,14th & V St NW,W00745,Member
5786,2010-09-21 14:05:41,2010-09-21 15:42:07,31600,5th & K St NW,31110,20th St & Florida Ave NW,W00491,Casual
448,2010-09-21 14:06:40,2010-09-21 14:14:09,31200,Massachusetts Ave & Dupont Circle NW,31201,15th & P St NW,W00993,Member
317,2010-09-21 14:11:29,2010-09-21 14:16:47,31110,20th St & Florida Ave NW,31200,Massachusetts Ave & Dupont Circle NW,W00119,Member
4330,2010-09-21 14:14:57,2010-09-21 15:27:08,31205,21st & I St NW,31205,21st & I St NW,W00883,Casual
823,2010-09-21 14:20:25,2010-09-21 14:34:09,31203,14th & Rhode Island Ave NW,31602,Park Rd & Holmead Pl NW,W00968,Member
123,2010-09-21 14:20:42,2010-09-21 14:22:45,31003,15th & Crystal Dr,31002,20th & Crystal Dr,W00807,Member
621,2010-09-21 14:24:39,2010-09-21 14:35:00,31104,Adams Mill & Columbia Rd NW,31106,Calvert & Biltmore St NW,W00960,Member
1538,2010-09-21 14:24:56,2010-09-21 14:50:35,31205,21st & I St NW,31104,Adams Mill & Columbia Rd NW,W00742,Member
1281,2010-09-21 14:28:08,2010-09-21 14:49:29,31107,Lamont & Mt Pleasant NW,31103,16th & Harvard St NW,W01077,Casual
1525,2010-09-21 14:31:41,2010-09-21 14:57:06,31502,John McCormack Dr & Michigan Ave NE,31502,John McCormack Dr & Michigan Ave NE,W00803,Casual
1560,2010-09-21 14:34:34,2010-09-21 15:00:34,31401,14th St & Spring Rd NW,31205,21st & I St NW,W00860,Casual
12812,2010-09-21 14:34:46,2010-09-21 18:08:18,31002,20th & Crystal Dr,31002,20th & Crystal Dr,W00538,Casual
673,2010-09-21 14:44:01,2010-09-21 14:55:14,31003,15th & Crystal Dr,31003,15th & Crystal Dr,W00822,Member
925,2010-09-21 14:49:47,2010-09-21 15:05:12,31600,5th & K St NW,31202,14th & R St NW,W00471,Member
578,2010-09-21 14:51:47,2010-09-21 15:01:25,31103,16th & Harvard St NW,31107,Lamont & Mt Pleasant NW,W00755,Casual
668,2010-09-21 15:00:51,2010-09-21 15:11:59,31208,M St & New Jersey Ave SE,31208,M St & New Jersey Ave SE,W00886,Casual
1401,2010-09-21 15:14:20,2010-09-21 15:37:42,31101,14th & V St NW,31400,Georgia & New Hampshire Ave NW,W00775,Casual
711,2010-09-21 15:18:16,2010-09-21 15:30:08,31600,5th & K St NW,31200,Massachusetts Ave & Dupont Circle NW,W01059,Member
88,2010-09-21 15:32:51,2010-09-21 15:34:20,31204,20th & E St NW,31204,20th & E St NW,W01069,Member
5196,2010-09-21 15:33:32,2010-09-21 17:00:09,31106,Calvert & Biltmore St NW,31604,3rd & H St NW,W00896,Casual
633,2010-09-21 15:33:48,2010-09-21 15:44:21,31204,20th & E St NW,31200,Massachusetts Ave & Dupont Circle NW,W00814,Member
5031,2010-09-21 15:36:17,2010-09-21 17:00:09,31106,Calvert & Biltmore St NW,31604,3rd & H St NW,W00960,Casual
4169,2010-09-21 15:43:05,2010-09-21 16:52:35,31009,27th & Crystal Dr,31009,27th & Crystal Dr,W00764,Casual
1283,2010-09-21 15:50:16,2010-09-21 16:11:39,31200,Massachusetts Ave & Dupont Circle NW,31207,Georgia Ave and Fairmont St NW,W00814,Member
266,2010-09-21 15:53:58,2010-09-21 15:58:24,31111,10th & U St NW,31101,14th & V St NW,W00569,Member
174,2010-09-21 15:59:32,2010-09-21 16:02:27,31011,23rd & Crystal Dr,31000,Eads St & 15th St S,W01034,Member
6432,2010-09-21 16:02:24,2010-09-21 17:49:37,31202,14th & R St NW,31203,14th & Rhode Island Ave NW,W00471,Casual
6320,2010-09-21 16:04:21,2010-09-21 17:49:41,31202,14th & R St NW,31203,14th & Rhode Island Ave NW,W00318,Casual
6176,2010-09-21 16:06:52,2010-09-21 17:49:49,31202,14th & R St NW,31203,14th & Rhode Island Ave NW,W00829,Casual
458,2010-09-21 16:08:56,2010-09-21 16:16:35,31502,John McCormack Dr & Michigan Ave NE,31500,4th & W St NE,W00803,Member
274,2010-09-21 16:10:36,2010-09-21 16:15:10,31002,20th & Crystal Dr,31009,27th & Crystal Dr,W00240,Member
253,2010-09-21 16:19:26,2010-09-21 16:23:39,31602,Park Rd & Holmead Pl NW,31401,14th St & Spring Rd NW,W00501,Casual
573,2010-09-21 16:19:38,2010-09-21 16:29:11,31200,Massachusetts Ave & Dupont Circle NW,31111,10th & U St NW,W01059,Member
435,2010-09-21 16:24:28,2010-09-21 16:31:44,31110,20th St & Florida Ave NW,31205,21st & I St NW,W00491,Member
473,2010-09-21 16:26:39,2010-09-21 16:34:33,31500,4th & W St NE,31502,John McCormack Dr & Michigan Ave NE,W00803,Member
1518,2010-09-21 16:31:43,2010-09-21 16:57:02,31208,M St & New Jersey Ave SE,31204,20th & E St NW,W01007,Member
17000,2010-09-21 16:36:34,2010-09-21 21:19:55,31106,Calvert & Biltmore St NW,31104,Adams Mill & Columbia Rd NW,W00194,Casual
1155,2010-09-21 16:45:12,2010-09-21 17:04:27,31600,5th & K St NW,31201,15th & P St NW,W00518,Casual
1126,2010-09-21 16:45:47,2010-09-21 17:04:33,31600,5th & K St NW,31201,15th & P St NW,W01113,Casual
477,2010-09-21 16:47:04,2010-09-21 16:55:01,31202,14th & R St NW,31212,21st & M St NW,W01070,Member
3864,2010-09-21 16:47:39,2010-09-21 17:52:03,31106,Calvert & Biltmore St NW,31212,21st & M St NW,W00773,Casual
372,2010-09-21 17:02:51,2010-09-21 17:09:03,31600,5th & K St NW,31109,7th & T St NW,W00281,Member
4323,2010-09-21 17:03:53,2010-09-21 18:15:56,31010,S Glebe & Potomac Ave,31002,20th & Crystal Dr,W00342,Casual
516,2010-09-21 17:08:36,2010-09-21 17:17:12,31600,5th & K St NW,31203,14th & Rhode Island Ave NW,W00930,Member
1361,2010-09-21 17:10:14,2010-09-21 17:32:55,31208,M St & New Jersey Ave SE,31108,4th & M St SW,W00636,Casual
953,2010-09-21 17:10:50,2010-09-21 17:26:43,31008,12th & Army Navy Dr,31008,12th & Army Navy Dr,W00959,Casual
409,2010-09-21 17:13:45,2010-09-21 17:20:35,31111,10th & U St NW,31201,15th & P St NW,W00159,Member
2028,2010-09-21 17:14:26,2010-09-21 17:48:15,31108,4th & M St SW,31007,Crystal City Metro / 18th & Bell St,W00861,Member
1707,2010-09-21 17:19:04,2010-09-21 17:47:31,31208,M St & New Jersey Ave SE,31604,3rd & H St NW,W00886,Casual
3627,2010-09-21 17:20:03,2010-09-21 18:20:30,31100,19th St & Pennsylvania Ave NW,31100,19th St & Pennsylvania Ave NW,W00639,Casual
849,2010-09-21 17:20:15,2010-09-21 17:34:24,31212,21st & M St NW,31103,16th & Harvard St NW,W01070,Member
1888,2010-09-21 17:21:37,2010-09-21 17:53:05,31600,5th & K St NW,31110,20th St & Florida Ave NW,W00648,Casual
1817,2010-09-21 17:22:50,2010-09-21 17:53:08,31600,5th & K St NW,31110,20th St & Florida Ave NW,W00928,Casual
1261,2010-09-21 17:27:23,2010-09-21 17:48:24,31213,17th & K St NW,31206,19th & E Street NW,W00491,Member
513,2010-09-21 17:27:30,2010-09-21 17:36:04,31101,14th & V St NW,31103,16th & Harvard St NW,W00838,Member
433,2010-09-21 17:40:23,2010-09-21 17:47:36,31100,19th St & Pennsylvania Ave NW,31201,15th & P St NW,W00843,Member
1284,2010-09-21 17:43:58,2010-09-21 18:05:23,31203,14th & Rhode Island Ave NW,31105,14th & Harvard St NW,W00930,Member
1276,2010-09-21 17:44:09,2010-09-21 18:05:26,31203,14th & Rhode Island Ave NW,31105,14th & Harvard St NW,W01067,Member
1409,2010-09-21 17:44:46,2010-09-21 18:08:15,31604,3rd & H St NW,31602,Park Rd & Holmead Pl NW,W00960,Member
331,2010-09-21 17:46:26,2010-09-21 17:51:58,31200,Massachusetts Ave & Dupont Circle NW,31201,15th & P St NW,W00777,Member
1336,2010-09-21 17:54:59,2010-09-21 18:17:16,31600,5th & K St NW,31107,Lamont & Mt Pleasant NW,W01029,Member
894,2010-09-21 17:55:16,2010-09-21 18:10:11,31206,19th & E Street NW,31201,15th & P St NW,W00491,Member
1777,2010-09-21 17:56:11,2010-09-21 18:25:49,31203,14th & Rhode Island Ave NW,31202,14th & R St NW,W00471,Member
1350,2010-09-21 17:56:17,2010-09-21 18:18:47,31205,21st & I St NW,31209,1st & N St  SE,W00883,Casual
539,2010-09-21 17:57:51,2010-09-21 18:06:50,31203,14th & Rhode Island Ave NW,31101,14th & V St NW,W00318,Member
517,2010-09-21 17:59:43,2010-09-21 18:08:20,31604,3rd & H St NW,31604,3rd & H St NW,W00896,Casual
185,2010-09-21 18:05:22,2010-09-21 18:08:28,31105,14th & Harvard St NW,31103,16th & Harvard St NW,W00868,Member
758,2010-09-21 18:06:35,2010-09-21 18:19:14,31205,21st & I St NW,31600,5th & K St NW,W00376,Member
375,2010-09-21 18:07:03,2010-09-21 18:13:19,31203,14th & Rhode Island Ave NW,31101,14th & V St NW,W00829,Member
182,2010-09-21 18:07:12,2010-09-21 18:10:14,31005,Pentagon City Metro / 12th & S Hayes St,31005,Pentagon City Metro / 12th & S Hayes St,W01112,Casual
480,2010-09-21 18:08:36,2010-09-21 18:16:36,31204,20th & E St NW,31212,21st & M St NW,W00428,Casual
647,2010-09-21 18:09:28,2010-09-21 18:20:15,31108,4th & M St SW,31208,M St & New Jersey Ave SE,W00872,Casual
327,2010-09-21 18:10:45,2010-09-21 18:16:12,31203,14th & Rhode Island Ave NW,31101,14th & V St NW,W00804,Member
585,2010-09-21 18:11:32,2010-09-21 18:21:18,31111,10th & U St NW,31203,14th & Rhode Island Ave NW,W00415,Member
399,2010-09-21 18:12:07,2010-09-21 18:18:47,31110,20th St & Florida Ave NW,31101,14th & V St NW,W00928,Member
377,2010-09-21 18:13:38,2010-09-21 18:19:56,31604,3rd & H St NW,31604,3rd & H St NW,W00896,Casual
6558,2010-09-21 18:14:11,2010-09-21 20:03:30,31109,7th & T St NW,31109,7th & T St NW,W00191,Casual
640,2010-09-21 18:16:35,2010-09-21 18:27:15,31101,14th & V St NW,31401,14th St & Spring Rd NW,W00363,Member
930,2010-09-21 18:17:56,2010-09-21 18:33:27,31100,19th St & Pennsylvania Ave NW,31600,5th & K St NW,W00976,Member
313,2010-09-21 18:19:04,2010-09-21 18:24:17,31009,27th & Crystal Dr,31007,Crystal City Metro / 18th & Bell St,W00999,Casual
1074,2010-09-21 18:19:27,2010-09-21 18:37:21,31200,Massachusetts Ave & Dupont Circle NW,31100,19th St & Pennsylvania Ave NW,W00119,Casual
830,2010-09-21 18:24:31,2010-09-21 18:38:22,31602,Park Rd & Holmead Pl NW,31201,15th & P St NW,W00783,Member
1453,2010-09-21 18:24:59,2010-09-21 18:49:13,31205,21st & I St NW,31006,S Joyce & Army Navy Dr,W00855,Member
1208,2010-09-21 18:27:22,2010-09-21 18:47:30,31600,5th & K St NW,31101,14th & V St NW,W01030,Member
335,2010-09-21 18:32:27,2010-09-21 18:38:02,31401,14th St & Spring Rd NW,31602,Park Rd & Holmead Pl NW,W00380,Casual
1527,2010-09-21 18:32:55,2010-09-21 18:58:23,31600,5th & K St NW,31106,Calvert & Biltmore St NW,W00830,Casual
2650,2010-09-21 18:33:20,2010-09-21 19:17:31,31012,26th & S Clark St,31003,15th & Crystal Dr,?(0x0000000008D291C0),Casual
1490,2010-09-21 18:33:38,2010-09-21 18:58:29,31600,5th & K St NW,31106,Calvert & Biltmore St NW,W00377,Casual
546,2010-09-21 18:34:27,2010-09-21 18:43:34,31200,Massachusetts Ave & Dupont Circle NW,31201,15th & P St NW,W00805,Member
216,2010-09-21 18:34:34,2010-09-21 18:38:11,31000,Eads St & 15th St S,31003,15th & Crystal Dr,W01025,Member
2183,2010-09-21 18:35:10,2010-09-21 19:11:33,31009,27th & Crystal Dr,31209,1st & N St  SE,W00509,Casual
2538,2010-09-21 18:35:11,2010-09-21 19:17:30,31012,26th & S Clark St,31003,15th & Crystal Dr,W01006,Casual
371,2010-09-21 18:37:32,2010-09-21 18:43:43,31206,19th & E Street NW,31100,19th St & Pennsylvania Ave NW,W00039,Casual
1375,2010-09-21 18:38:35,2010-09-21 19:01:31,31108,4th & M St SW,31101,14th & V St NW,W01012,Member
589,2010-09-21 18:38:41,2010-09-21 18:48:31,31212,21st & M St NW,31201,15th & P St NW,W00773,Member
1948,2010-09-21 18:39:06,2010-09-21 19:11:34,31011,23rd & Crystal Dr,31209,1st & N St  SE,W00816,Casual
227,2010-09-21 18:40:15,2010-09-21 18:44:03,31209,1st & N St  SE,31209,1st & N St  SE,W00332,Member
1641,2010-09-21 18:40:57,2010-09-21 19:08:19,31206,19th & E Street NW,31110,20th St & Florida Ave NW,W00905,Casual
1630,2010-09-21 18:41:03,2010-09-21 19:08:14,31206,19th & E Street NW,31110,20th St & Florida Ave NW,W00977,Casual
1557,2010-09-21 18:41:31,2010-09-21 19:07:28,31600,5th & K St NW,31200,Massachusetts Ave & Dupont Circle NW,W01101,Member
764,2010-09-21 18:41:44,2010-09-21 18:54:29,31602,Park Rd & Holmead Pl NW,31203,14th & Rhode Island Ave NW,W00288,Member
148,2010-09-21 18:42:21,2010-09-21 18:44:49,31202,14th & R St NW,31203,14th & Rhode Island Ave NW,W00471,Member
933,2010-09-21 18:43:27,2010-09-21 18:59:01,31104,Adams Mill & Columbia Rd NW,31111,10th & U St NW,W00344,Member
944,2010-09-21 18:43:30,2010-09-21 18:59:14,31104,Adams Mill & Columbia Rd NW,31111,10th & U St NW,W00546,Member
834,2010-09-21 18:43:48,2010-09-21 18:57:43,31101,14th & V St NW,31203,14th & Rhode Island Ave NW,W00918,Member
753,2010-09-21 18:43:49,2010-09-21 18:56:22,31100,19th St & Pennsylvania Ave NW,31203,14th & Rhode Island Ave NW,W00833,Casual
476,2010-09-21 18:45:00,2010-09-21 18:52:57,31203,14th & Rhode Island Ave NW,31101,14th & V St NW,W00563,Member
474,2010-09-21 18:47:14,2010-09-21 18:55:09,31108,4th & M St SW,31208,M St & New Jersey Ave SE,W00826,Member
1070,2010-09-21 18:49:38,2010-09-21 19:07:28,31107,Lamont & Mt Pleasant NW,31203,14th & Rhode Island Ave NW,W00755,Member
531,2010-09-21 18:50:44,2010-09-21 18:59:35,31200,Massachusetts Ave & Dupont Circle NW,31203,14th & Rhode Island Ave NW,W00796,Member
3593,2010-09-21 18:51:29,2010-09-21 19:51:22,31602,Park Rd & Holmead Pl NW,31602,Park Rd & Holmead Pl NW,W00085,Casual
1190,2010-09-21 18:53:28,2010-09-21 19:13:18,31600,5th & K St NW,31200,Massachusetts Ave & Dupont Circle NW,W00376,Member
677,2010-09-21 18:58:23,2010-09-21 19:09:40,31200,Massachusetts Ave & Dupont Circle NW,31206,19th & E Street NW,W00322,Member
13645,2010-09-21 19:03:24,2010-09-21 22:50:49,31204,20th & E St NW,31204,20th & E St NW,W01007,Casual
259,2010-09-21 19:04:18,2010-09-21 19:08:38,31004,Aurora Hills Community Ctr/18th & Hayes St,31004,Aurora Hills Community Ctr/18th & Hayes St,W00825,Casual
358,2010-09-21 19:06:50,2010-09-21 19:12:48,31201,15th & P St NW,31200,Massachusetts Ave & Dupont Circle NW,W00777,Member
356,2010-09-21 19:06:54,2010-09-21 19:12:50,31201,15th & P St NW,31200,Massachusetts Ave & Dupont Circle NW,W00159,Member
608,2010-09-21 19:09:35,2010-09-21 19:19:43,31205,21st & I St NW,31200,Massachusetts Ave & Dupont Circle NW,W00492,Casual
322,2010-09-21 19:10:38,2010-09-21 19:16:00,31205,21st & I St NW,31100,19th St & Pennsylvania Ave NW,W00795,Member
394,2010-09-21 19:11:44,2010-09-21 19:18:19,31201,15th & P St NW,31101,14th & V St NW,W00518,Member
1215,2010-09-21 19:12:05,2010-09-21 19:32:21,31203,14th & Rhode Island Ave NW,31110,20th St & Florida Ave NW,W00918,Member
1204,2010-09-21 19:12:12,2010-09-21 19:32:17,31203,14th & Rhode Island Ave NW,31110,20th St & Florida Ave NW,W00796,Member
630,2010-09-21 19:12:14,2010-09-21 19:22:45,31104,Adams Mill & Columbia Rd NW,31107,Lamont & Mt Pleasant NW,W00971,Member
769,2010-09-21 19:15:43,2010-09-21 19:28:33,31202,14th & R St NW,31205,21st & I St NW,W00512,Member
831,2010-09-21 19:16:35,2010-09-21 19:30:26,31104,Adams Mill & Columbia Rd NW,31105,14th & Harvard St NW,W00577,Casual
596,2010-09-21 19:17:52,2010-09-21 19:27:48,31205,21st & I St NW,31110,20th St & Florida Ave NW,W00772,Member
405,2010-09-21 19:19:25,2010-09-21 19:26:10,31111,10th & U St NW,31202,14th & R St NW,W00546,Member
1489,2010-09-21 19:19:46,2010-09-21 19:44:35,31203,14th & Rhode Island Ave NW,31107,Lamont & Mt Pleasant NW,W00288,Member
2440,2010-09-21 19:21:40,2010-09-21 20:02:20,31100,19th St & Pennsylvania Ave NW,31103,16th & Harvard St NW,W00639,Casual
595,2010-09-21 19:22:33,2010-09-21 19:32:28,31100,19th St & Pennsylvania Ave NW,31200,Massachusetts Ave & Dupont Circle NW,W00198,Member
337,2010-09-21 19:24:29,2010-09-21 19:30:06,31401,14th St & Spring Rd NW,31400,Georgia & New Hampshire Ave NW,W00031,Member
908,2010-09-21 19:26:28,2010-09-21 19:41:37,31104,Adams Mill & Columbia Rd NW,31205,21st & I St NW,W00742,Member
829,2010-09-21 19:32:30,2010-09-21 19:46:19,31205,21st & I St NW,31201,15th & P St NW,W00557,Member
365,2010-09-21 19:33:20,2010-09-21 19:39:26,31202,14th & R St NW,31110,20th St & Florida Ave NW,W00546,Member
1596,2010-09-21 19:35:35,2010-09-21 20:02:12,31200,Massachusetts Ave & Dupont Circle NW,31103,16th & Harvard St NW,W00159,Casual
2189,2010-09-21 19:36:13,2010-09-21 20:12:43,31209,1st & N St  SE,31011,23rd & Crystal Dr,W00509,Casual
2369,2010-09-21 19:37:16,2010-09-21 20:16:46,31209,1st & N St  SE,31009,27th & Crystal Dr,W00332,Casual
3126,2010-09-21 19:37:49,2010-09-21 20:29:55,31108,4th & M St SW,31108,4th & M St SW,W00256,Casual
236,2010-09-21 19:39:22,2010-09-21 19:43:19,31200,Massachusetts Ave & Dupont Circle NW,31212,21st & M St NW,W00777,Member
2904,2010-09-21 19:41:22,2010-09-21 20:29:47,31108,4th & M St SW,31108,4th & M St SW,W00636,Casual
181,2010-09-21 19:42:14,2010-09-21 19:45:15,31007,Crystal City Metro / 18th & Bell St,31011,23rd & Crystal Dr,W00794,Member
730,2010-09-21 19:46:17,2010-09-21 19:58:27,31200,Massachusetts Ave & Dupont Circle NW,31111,10th & U St NW,W00376,Member
196,2010-09-21 19:49:48,2010-09-21 19:53:04,31003,15th & Crystal Dr,31000,Eads St & 15th St S,W01066,Member
188,2010-09-21 19:53:12,2010-09-21 19:56:20,31111,10th & U St NW,31111,10th & U St NW,W00344,Member
355,2010-09-21 19:55:51,2010-09-21 20:01:47,31212,21st & M St NW,31201,15th & P St NW,W00428,Casual
202,2010-09-21 20:03:04,2010-09-21 20:06:27,31007,Crystal City Metro / 18th & Bell St,31011,23rd & Crystal Dr,W01076,Casual
507,2010-09-21 20:03:29,2010-09-21 20:11:57,31110,20th St & Florida Ave NW,31111,10th & U St NW,W00546,Member
395,2010-09-21 20:04:51,2010-09-21 20:11:26,31200,Massachusetts Ave & Dupont Circle NW,31203,14th & Rhode Island Ave NW,W01101,Member
882,2010-09-21 20:07:30,2010-09-21 20:22:13,31201,15th & P St NW,31600,5th & K St NW,W00428,Member
311,2010-09-21 20:08:27,2010-09-21 20:13:38,31101,14th & V St NW,31201,15th & P St NW,W00829,Member
847,2010-09-21 20:11:08,2010-09-21 20:25:15,31100,19th St & Pennsylvania Ave NW,31110,20th St & Florida Ave NW,W00566,Casual
812,2010-09-21 20:11:41,2010-09-21 20:25:14,31100,19th St & Pennsylvania Ave NW,31110,20th St & Florida Ave NW,W00780,Casual
359,2010-09-21 20:17:24,2010-09-21 20:23:24,31201,15th & P St NW,31212,21st & M St NW,W00491,Casual
1477,2010-09-21 20:22:39,2010-09-21 20:47:17,31203,14th & Rhode Island Ave NW,31111,10th & U St NW,W00519,Member
1876,2010-09-21 20:26:38,2010-09-21 20:57:54,31100,19th St & Pennsylvania Ave NW,31108,4th & M St SW,W00119,Casual
530,2010-09-21 20:36:20,2010-09-21 20:45:11,31212,21st & M St NW,31213,17th & K St NW,W00777,Member
921,2010-09-21 20:36:21,2010-09-21 20:51:42,31212,21st & M St NW,31111,10th & U St NW,W00491,Member
438,2010-09-21 20:50:41,2010-09-21 20:58:00,31203,14th & Rhode Island Ave NW,31203,14th & Rhode Island Ave NW,W00415,Member
1086,2010-09-21 20:55:21,2010-09-21 21:13:28,31205,21st & I St NW,31105,14th & Harvard St NW,W00605,Member
614,2010-09-21 20:57:07,2010-09-21 21:07:21,31200,Massachusetts Ave & Dupont Circle NW,31201,15th & P St NW,W00289,Member
872,2010-09-21 20:57:16,2010-09-21 21:11:48,31200,Massachusetts Ave & Dupont Circle NW,31203,14th & Rhode Island Ave NW,W00032,Member
244,2010-09-21 20:58:20,2010-09-21 21:02:24,31203,14th & Rhode Island Ave NW,31201,15th & P St NW,W00743,Member
732,2010-09-21 21:02:12,2010-09-21 21:14:25,31101,14th & V St NW,31200,Massachusetts Ave & Dupont Circle NW,W00569,Member
523,2010-09-21 21:03:15,2010-09-21 21:11:58,31206,19th & E Street NW,31200,Massachusetts Ave & Dupont Circle NW,W00555,Member
132,2010-09-21 21:03:29,2010-09-21 21:05:42,31203,14th & Rhode Island Ave NW,31201,15th & P St NW,W00833,Member
443,2010-09-21 21:05:23,2010-09-21 21:12:47,31201,15th & P St NW,31111,10th & U St NW,W00806,Casual
398,2010-09-21 21:07:18,2010-09-21 21:13:57,31200,Massachusetts Ave & Dupont Circle NW,31205,21st & I St NW,W00198,Casual
298,2010-09-21 21:09:03,2010-09-21 21:14:02,31107,Lamont & Mt Pleasant NW,31104,Adams Mill & Columbia Rd NW,W01029,Member
589,2010-09-21 21:13:56,2010-09-21 21:23:45,31205,21st & I St NW,31202,14th & R St NW,W01063,Member